<?xml version="1.0"?>
<dpInst>
<legacyMode/>
    <enableNotListedLanguages/>
    
    <language code="0x0409">
        <dpinstTitle>ECIO Driver Installer</dpinstTitle>
    
        <welcomeTitle>Welcome to the ECIO Driver Installer!</welcomeTitle>
        <welcomeIntro>This wizard will walk you through installing and/or updating the drivers for your ECIO module.</welcomeIntro>
    
        <eulaHeaderTitle>End User License Agreement</eulaHeaderTitle>
        <eulaYesButton>I &amp;accept this License Agreement</eulaYesButton>
        <eulaNoButton>I do &amp;not accept this License Agreement</eulaNoButton>

        <installHeaderTitle>Installing the driver software for ECIO...</installHeaderTitle>

        <finishTitle>ECIO driver install complete</finishTitle>
        <finishText>The ECIO driver has been installed.</finishText>

        <eula type="txt" path="ECIO_eula.txt" />
    </language>
    <icon>ECIO.ico</icon>
    <watermarkPath>ECIO.bmp</watermarkPath>
</dpInst>
