<?xml version="1.0"?>
<dpInst>
    <legacyMode/>
    <enableNotListedLanguages />
    <language code="0x0409">
        <dpinstTitle>ECIO ARM USB Driver Installer.</dpinstTitle>
    
        <welcomeTitle>Welcome to the Matrix ECIO ARM USB Driver Installer!</welcomeTitle>
        <welcomeIntro>This wizard will walk you through updating the drivers for your Matrix ECIO ARM.</welcomeIntro>
    
        <eulaHeaderTitle>End User License Agreement</eulaHeaderTitle>
        <eulaYesButton>I &amp;accept this EULA</eulaYesButton>
        <eulaNoButton>I do &amp;not accept this EULA</eulaNoButton>

        <installHeaderTitle>Installing the Driver software for your Matrix ECIO ARM...</installHeaderTitle>

        <finishTitle>Matrix ECIO ARM USB Driver install complete</finishTitle>
        <finishText>Matrix ECIO ARM USB Driver has been installed.</finishText>

        <eula type="txt" path="eula.txt" />
    </language>
    <icon>matrix.ico</icon>
    <watermarkPath>ECIOARM.bmp</watermarkPath>
</dpInst>
