<?xml version="1.0"?>
<dpInst>
<legacyMode/>
<enableNotListedLanguages/> 
    <language code="0x0409">
        <dpinstTitle>E-Block USB board Driver Installer</dpinstTitle>
    
        <welcomeTitle>Welcome to the E-Block USB board Driver Installer!</welcomeTitle>
        <welcomeIntro>This wizard will walk you through updating the drivers for your E-Block USB board.</welcomeIntro>
    
        <eulaHeaderTitle>End User License Agreement</eulaHeaderTitle>
        <eulaYesButton>I &amp;accept this EULA</eulaYesButton>
        <eulaNoButton>I do &amp;not accept this EULA</eulaNoButton>

        <installHeaderTitle>Installing the Driver software for your E-Block USB board...</installHeaderTitle>

        <finishTitle>E-Block USB board Driver install complete</finishTitle>
        <finishText>The E-Block USB board Driver has been installed.</finishText>

        <eula type="txt" path="eula.txt" />
    </language>
    <icon>EBBoard.ico</icon>
    <watermarkPath>EBBoard.bmp</watermarkPath>
</dpInst>
