<?xml version="1.0"?>
<dpInst>
<legacyMode/>
<enableNotListedLanguages/> 
    <language code="0x0409">
        <dpinstTitle>ECIO Module USB Driver Installer</dpinstTitle>
    
        <welcomeTitle>Welcome to the ECIO Module USB Driver Installer!</welcomeTitle>
        <welcomeIntro>This wizard will walk you through updating the drivers for your ECIO module.</welcomeIntro>
    
        <eulaHeaderTitle>End User License Agreement</eulaHeaderTitle>
        <eulaYesButton>I &amp;accept this EULA</eulaYesButton>
        <eulaNoButton>I do &amp;not accept this EULA</eulaNoButton>

        <installHeaderTitle>Installing the driver software for your ECIO module...</installHeaderTitle>

        <finishTitle>ECIO module USB driver install complete</finishTitle>
        <finishText>The ECIO module USB driver has been installed.</finishText>

        <eula type="txt" path="eula.txt" />
    </language>
    <icon>EBBoard.ico</icon>
    <watermarkPath>ECIO.bmp</watermarkPath>
</dpInst>
